INSERT INTO astro_app_user(
user_id, email, first_name, is_enabled, is_password_non_expired, is_user_non_expired, is_user_non_locked, last_name, password)
VALUES ('admin1', 'admin1name@gmail.com', 'admin1name', true, true, true, true, 'admin1name', 'password');

INSERT INTO astro_app_user(
user_id, email, first_name, is_enabled, is_password_non_expired, is_user_non_expired, is_user_non_locked, last_name, password)
VALUES ('admin2', 'admin2name@gmail.com', 'admin2name', true, true, true, true, 'admin2name', 'password');

INSERT INTO astro_app_user(
user_id, email, first_name, is_enabled, is_password_non_expired, is_user_non_expired, is_user_non_locked, last_name, password)
VALUES ('adminstructor1', 'adminstructor1@gmail.com', 'admininst1', true, true, true, true, 'admininst1', 'password');

INSERT INTO astro_app_user(
user_id, email, first_name, is_enabled, is_password_non_expired, is_user_non_expired, is_user_non_locked, last_name, password)
VALUES ('adminstructor2', 'adminstructor2@gmail.com', 'admininst2', true, true, true, true, 'admininst2', 'password');

INSERT INTO astro_app_user(
user_id, email, first_name, is_enabled, is_password_non_expired, is_user_non_expired, is_user_non_locked, last_name, password)
VALUES ('instructor3', 'instructor3@gmail.com', '', true, true, true, true, '', 'password');

INSERT INTO astro_app_user(
user_id, email, first_name, is_enabled, is_password_non_expired, is_user_non_expired, is_user_non_locked, last_name, password)
VALUES ('instructor4', 'instructor4@gmail.com', 'instructor4fname', true, true, true, true, 'instructor4lname', 'password');


INSERT INTO astro_app_user(
user_id, email, first_name, is_enabled, is_password_non_expired, is_user_non_expired, is_user_non_locked, last_name, password)
VALUES ('User1', 'User1@gmail.com', 'User1fname', true, true, true, true, 'User1lname', 'password');

INSERT INTO astro_app_user(
user_id, email, first_name, is_enabled, is_password_non_expired, is_user_non_expired, is_user_non_locked, last_name, password)
VALUES ('User2', 'User2@gmail.com', 'User2fname', true, true, true, true, 'User2lname', 'password');

INSERT INTO astro_app_user(
user_id, email, first_name, is_enabled, is_password_non_expired, is_user_non_expired, is_user_non_locked, last_name, password)
VALUES ('User3', 'User3@gmail.com', 'User3fname', true, true, true, true, 'User3lname', 'password');

INSERT INTO astro_app_user(
user_id, email, first_name, is_enabled, is_password_non_expired, is_user_non_expired, is_user_non_locked, last_name, password)
VALUES ('User4', 'User4@gmail.com', 'User4fname', true, true, true, true, 'User4lname', 'password');

INSERT INTO astro_app_user(
user_id, email, first_name, is_enabled, is_password_non_expired, is_user_non_expired, is_user_non_locked, last_name, password)
VALUES ('User5', 'User5@gmail.com', 'User5fname', true, true, true, true, 'User5lname', 'password');

INSERT INTO astro_app_user(
user_id, email, first_name, is_enabled, is_password_non_expired, is_user_non_expired, is_user_non_locked, last_name, password)
VALUES ('User6', 'User6@gmail.com', 'User6fname', true, true, true, true, 'User6lname', 'password');

INSERT INTO astro_app_user(
user_id, email, first_name, is_enabled, is_password_non_expired, is_user_non_expired, is_user_non_locked, last_name, password)
VALUES ('User7', 'User7@gmail.com', 'User7fname', true, true, true, true, 'User7lname', 'password');

INSERT INTO astro_app_user(
user_id, email, first_name, is_enabled, is_password_non_expired, is_user_non_expired, is_user_non_locked, last_name, password)
VALUES ('User8', 'User8@gmail.com', 'User8fname', true, true, true, true, 'User8lname', 'password');

INSERT INTO astro_app_user(
user_id, email, first_name, is_enabled, is_password_non_expired, is_user_non_expired, is_user_non_locked, last_name, password)
VALUES ('User9', 'User9@gmail.com', 'User9fname', true, true, true, true, 'User9lname', 'password');

INSERT INTO astro_app_user(
user_id, email, first_name, is_enabled, is_password_non_expired, is_user_non_expired, is_user_non_locked, last_name, password)
VALUES ('User10', 'User10@gmail.com', 'User10fname', true, true, true, true, 'User10lname', 'password');

INSERT INTO astro_app_user(
user_id, email, first_name, is_enabled, is_password_non_expired, is_user_non_expired, is_user_non_locked, last_name, password)
VALUES ('User11', 'User11@gmail.com', 'User11fname', true, true, true, true, 'User11lname', 'password');

INSERT INTO astro_app_user(
user_id, email, first_name, is_enabled, is_password_non_expired, is_user_non_expired, is_user_non_locked, last_name, password)
VALUES ('User12', 'User12@gmail.com', 'User12fname', true, true, true, true, 'User12lname', 'password');

INSERT INTO astro_app_user(
user_id, email, first_name, is_enabled, is_password_non_expired, is_user_non_expired, is_user_non_locked, last_name, password)
VALUES ('User13', 'User13@gmail.com', 'User13fname', true, true, true, true, 'User13lname', 'password');

INSERT INTO astro_app_user(
user_id, email, first_name, is_enabled, is_password_non_expired, is_user_non_expired, is_user_non_locked, last_name, password)
VALUES ('User14', 'User14@gmail.com', 'User14fname', true, true, true, true, 'User14lname', 'password');

INSERT INTO astro_app_user(
user_id, email, first_name, is_enabled, is_password_non_expired, is_user_non_expired, is_user_non_locked, last_name, password)
VALUES ('User15', 'User15@gmail.com', 'User15fname', true, true, true, true, 'User15lname', 'password');

INSERT INTO astro_app_user(
user_id, email, first_name, is_enabled, is_password_non_expired, is_user_non_expired, is_user_non_locked, last_name, password)
VALUES ('User16', 'User16@gmail.com', 'User16fname', true, true, true, true, 'User16lname', 'password');

INSERT INTO astro_app_user(
user_id, email, first_name, is_enabled, is_password_non_expired, is_user_non_expired, is_user_non_locked, last_name, password)
VALUES ('User17', 'User17@gmail.com', 'User17fname', true, true, true, true, 'User17lname', 'password');

INSERT INTO astro_app_user(
user_id, email, first_name, is_enabled, is_password_non_expired, is_user_non_expired, is_user_non_locked, last_name, password)
VALUES ('User18', 'User18@gmail.com', 'User18fname', true, true, true, true, 'User18lname', 'password');

INSERT INTO astro_app_user(
user_id, email, first_name, is_enabled, is_password_non_expired, is_user_non_expired, is_user_non_locked, last_name, password)
VALUES ('User19', 'User19@gmail.com', 'User19fname', true, true, true, true, 'User19lname', 'password');

INSERT INTO astro_app_user(
user_id, email, first_name, is_enabled, is_password_non_expired, is_user_non_expired, is_user_non_locked, last_name, password)
VALUES ('User20', 'User20@gmail.com', 'User20fname', true, true, true, true, 'User20lname', 'password');

INSERT INTO astro_app_user(
user_id, email, first_name, is_enabled, is_password_non_expired, is_user_non_expired, is_user_non_locked, last_name, password)
VALUES ('User21', 'User21@gmail.com', 'User21fname', true, true, true, true, 'User21lname', 'password');

INSERT INTO astro_app_user(
user_id, email, first_name, is_enabled, is_password_non_expired, is_user_non_expired, is_user_non_locked, last_name, password)
VALUES ('User22', 'User22@gmail.com', 'User22fname', true, true, true, true, 'User22lname', 'password');

INSERT INTO astro_app_user(
user_id, email, first_name, is_enabled, is_password_non_expired, is_user_non_expired, is_user_non_locked, last_name, password)
VALUES ('User23', 'User23@gmail.com', 'User23fname', true, true, true, true, 'User23lname', 'password');

INSERT INTO astro_app_user(
user_id, email, first_name, is_enabled, is_password_non_expired, is_user_non_expired, is_user_non_locked, last_name, password)
VALUES ('User24', 'User24@gmail.com', 'User24fname', true, true, true, true, 'User24lname', 'password');


INSERT INTO role(
user_id, role)
VALUES ('admin1', 'ADMIN');

INSERT INTO role(
user_id, role)
VALUES ('admin2', 'ADMIN');

INSERT INTO role(
user_id, role)
VALUES ('adminstructor1', 'ADMIN');

INSERT INTO role(
user_id, role)
VALUES ('adminstructor2', 'ADMIN');

INSERT INTO role(
user_id, role)
VALUES ('instructor3', 'USER');

INSERT INTO role(
user_id, role)
VALUES ('instructor4', 'USER');


INSERT INTO role(
user_id, role)
VALUES ('User1', 'USER');

INSERT INTO role(
user_id, role)
VALUES ('User2', 'USER');

INSERT INTO role(
user_id, role)
VALUES ('User3', 'USER');

INSERT INTO role(
user_id, role)
VALUES ('User4', 'USER');

INSERT INTO role(
user_id, role)
VALUES ('User5', 'USER');

INSERT INTO role(
user_id, role)
VALUES ('User6', 'USER');

INSERT INTO role(
user_id, role)
VALUES ('User7', 'USER');

INSERT INTO role(
user_id, role)
VALUES ('User8', 'USER');

INSERT INTO role(
user_id, role)
VALUES ('User9', 'USER');

INSERT INTO role(
user_id, role)
VALUES ('User10', 'USER');

INSERT INTO role(
user_id, role)
VALUES ('User11', 'USER');

INSERT INTO role(
user_id, role)
VALUES ('User12', 'USER');

INSERT INTO role(
user_id, role)
VALUES ('User13', 'USER');

INSERT INTO role(
user_id, role)
VALUES ('User14', 'USER');

INSERT INTO role(
user_id, role)
VALUES ('User15', 'USER');

INSERT INTO role(
user_id, role)
VALUES ('User16', 'USER');

INSERT INTO role(
user_id, role)
VALUES ('User17', 'USER');

INSERT INTO role(
user_id, role)
VALUES ('User18', 'USER');

INSERT INTO role(
user_id, role)
VALUES ('User19', 'USER');

INSERT INTO role(
user_id, role)
VALUES ('User20', 'USER');

INSERT INTO role(
user_id, role)
VALUES ('User21', 'USER');

INSERT INTO role(
user_id, role)
VALUES ('User22', 'USER');

INSERT INTO role(
user_id, role)
VALUES ('User23', 'USER');

INSERT INTO role(
user_id, role)
VALUES ('User24', 'USER');


INSERT INTO course(
course_id, close_timestamp, course_code, course_title, open_timestamp, subject_code)
VALUES ('course1A',dateadd('month', 1, current_timestamp), '1Acode', 'course1Atitle',dateadd('month', -1, current_timestamp) , 'subj1A');

INSERT INTO course(
course_id, close_timestamp, course_code, course_title, open_timestamp, subject_code)
VALUES ('course1B',dateadd('month', 1, current_timestamp), '1Bcode', 'course1Btitle', dateadd('month', -1, current_timestamp) , 'subj1B');

INSERT INTO course(
course_id, close_timestamp, course_code, course_title, open_timestamp, subject_code)
VALUES ('course1C',dateadd('month', 1, current_timestamp), '1Ccode', 'course1Ctitle', dateadd('month', -2, current_timestamp) , 'subj1C');

INSERT INTO course(
course_id, close_timestamp, course_code, course_title, open_timestamp, subject_code)
VALUES ('course2A', dateadd('month', 1, current_timestamp), '2Acode', 'course2Atitle',dateadd('month', -1, current_timestamp) , 'subj2A');

INSERT INTO course(
course_id, close_timestamp, course_code, course_title, open_timestamp, subject_code)
VALUES ('course2B', dateadd('month', -1, current_timestamp), '2Bcode', 'course2Btitle',  dateadd('month', -2, current_timestamp), 'subj2B');

INSERT INTO course(
course_id, close_timestamp, course_code, course_title, open_timestamp, subject_code)
VALUES ('course3A', dateadd('month', 1, current_timestamp), '3Acode', 'course3Atitle', dateadd('month', -1, current_timestamp) , 'subj3A');

INSERT INTO course(
course_id, close_timestamp, course_code, course_title, open_timestamp, subject_code)
VALUES ('course3B', dateadd('month', 3, current_timestamp), '3Bcode', 'course3Btitle', dateadd('month', 1, current_timestamp) , 'subj3B');

INSERT INTO course(
course_id, close_timestamp, course_code, course_title, open_timestamp, subject_code)
VALUES ('course4A', dateadd('month', 1, current_timestamp), '4Acode', 'course4Atitle', dateadd('month', -1, current_timestamp) , 'subj4A');

INSERT INTO course(
course_id, close_timestamp, course_code, course_title, open_timestamp, subject_code)
VALUES ('course4B', dateadd('month', 1, current_timestamp), '4Bcode', 'course4Btitle', dateadd('month', -1, current_timestamp) , 'subj4B');

INSERT INTO course(
course_id, close_timestamp, course_code, course_title, open_timestamp, subject_code)
VALUES ('course4C', dateadd('month', 1, current_timestamp), '4Ccode', 'course4Ctitle', dateadd('month', -2, current_timestamp) , 'subj4C');


INSERT INTO course_user(
course_user_id, is_active, role, course_id, user_id)
VALUES ('1A-instruc', true, 'INSTRUCTOR', 'course1A', 'adminstructor1');

INSERT INTO course_user(
course_user_id, is_active, role, course_id, user_id)
VALUES ('1B-instruc', true, 'INSTRUCTOR', 'course1B', 'adminstructor1');

INSERT INTO course_user(
course_user_id, is_active, role, course_id, user_id)
VALUES ('1C-instruc', true, 'INSTRUCTOR', 'course1C', 'adminstructor1');

INSERT INTO course_user(
course_user_id, is_active, role, course_id, user_id)
VALUES ('2A-instruc', true, 'INSTRUCTOR', 'course2A', 'adminstructor2');

INSERT INTO course_user(
course_user_id, is_active, role, course_id, user_id)
VALUES ('2B-instruc', true, 'INSTRUCTOR', 'course2B', 'adminstructor2');

INSERT INTO course_user(
course_user_id, is_active, role, course_id, user_id)
VALUES ('3A-instruc', true, 'INSTRUCTOR', 'course3A', 'instructor3');

INSERT INTO course_user(
course_user_id, is_active, role, course_id, user_id)
VALUES ('3B-instruc', true, 'INSTRUCTOR', 'course3B', 'instructor3');

INSERT INTO course_user(
course_user_id, is_active, role, course_id, user_id)
VALUES ('4A-instruc', true, 'INSTRUCTOR', 'course4A', 'instructor4');

INSERT INTO course_user(
course_user_id, is_active, role, course_id, user_id)
VALUES ('4B-instruc', true, 'INSTRUCTOR', 'course4B', 'instructor4');

INSERT INTO course_user(
course_user_id, is_active, role, course_id, user_id)
VALUES ('4C-instruc', true, 'INSTRUCTOR', 'course4C', 'instructor4');


INSERT INTO course_user(
course_user_id, is_active, role, course_id, user_id)
VALUES ('stud1-course1A', true, 'STUDENT', 'course1A', 'User1');

INSERT INTO course_user(
course_user_id, is_active, role, course_id, user_id)
VALUES ('stud1-course2A', true, 'STUDENT', 'course2A', 'User1');

INSERT INTO course_user(
course_user_id, is_active, role, course_id, user_id)
VALUES ('stud2-course1A', true, 'STUDENT', 'course1A', 'User2');

INSERT INTO course_user(
course_user_id, is_active, role, course_id, user_id)
VALUES ('stud2-course2A', true, 'STUDENT', 'course2A', 'User2');

INSERT INTO course_user(
course_user_id, is_active, role, course_id, user_id)
VALUES ('stud3-course1A', true, 'STUDENT', 'course1A', 'User3');

INSERT INTO course_user(
course_user_id, is_active, role, course_id, user_id)
VALUES ('stud3-course2A', true, 'STUDENT', 'course2A', 'User3');

INSERT INTO course_user(
course_user_id, is_active, role, course_id, user_id)
VALUES ('stud4-course1A', true, 'STUDENT', 'course1A', 'User4');

INSERT INTO course_user(
course_user_id, is_active, role, course_id, user_id)
VALUES ('stud4-course2A', true, 'STUDENT', 'course2A', 'User4');

INSERT INTO course_user(
course_user_id, is_active, role, course_id, user_id)
VALUES ('stud5-course1A', true, 'STUDENT', 'course1A', 'User5');

INSERT INTO course_user(
course_user_id, is_active, role, course_id, user_id)
VALUES ('stud5-course2A', true, 'STUDENT', 'course2A', 'User5');

INSERT INTO course_user(
course_user_id, is_active, role, course_id, user_id)
VALUES ('stud6-course1A', true, 'STUDENT', 'course1A', 'User6');

INSERT INTO course_user(
course_user_id, is_active, role, course_id, user_id)
VALUES ('stud6-course2A', true, 'STUDENT', 'course2A', 'User6');


INSERT INTO course_user(
course_user_id, is_active, role, course_id, user_id)
VALUES ('stud1-course1B', true, 'STUDENT', 'course1B', 'User7');

INSERT INTO course_user(
course_user_id, is_active, role, course_id, user_id)
VALUES ('stud1-course2B', true, 'STUDENT', 'course2B', 'User7');

INSERT INTO course_user(
course_user_id, is_active, role, course_id, user_id)
VALUES ('stud2-course1B', true, 'STUDENT', 'course1B', 'User8');

INSERT INTO course_user(
course_user_id, is_active, role, course_id, user_id)
VALUES ('stud2-course2B', true, 'STUDENT', 'course2B', 'User8');

INSERT INTO course_user(
course_user_id, is_active, role, course_id, user_id)
VALUES ('stud3-course1B', true, 'STUDENT', 'course1B', 'User9');

INSERT INTO course_user(
course_user_id, is_active, role, course_id, user_id)
VALUES ('stud3-course2B', true, 'STUDENT', 'course2B', 'User9');

INSERT INTO course_user(
course_user_id, is_active, role, course_id, user_id)
VALUES ('stud4-course1B', true, 'STUDENT', 'course1B', 'User10');

INSERT INTO course_user(
course_user_id, is_active, role, course_id, user_id)
VALUES ('stud4-course2B', true, 'STUDENT', 'course2B', 'User10');

INSERT INTO course_user(
course_user_id, is_active, role, course_id, user_id)
VALUES ('stud5-course1B', true, 'STUDENT', 'course1B', 'User11');

INSERT INTO course_user(
course_user_id, is_active, role, course_id, user_id)
VALUES ('stud5-course2B', true, 'STUDENT', 'course2B', 'User11');

INSERT INTO course_user(
course_user_id, is_active, role, course_id, user_id)
VALUES ('stud6-course1B', true, 'STUDENT', 'course1B', 'User12');

INSERT INTO course_user(
course_user_id, is_active, role, course_id, user_id)
VALUES ('stud6-course2B', true, 'STUDENT', 'course2B', 'User12');


INSERT INTO course_user(
course_user_id, is_active, role, course_id, user_id)
VALUES ('stud1-course3A', true, 'STUDENT', 'course3A', 'User13');

INSERT INTO course_user(
course_user_id, is_active, role, course_id, user_id)
VALUES ('stud1-course4A', true, 'STUDENT', 'course4A', 'User13');

INSERT INTO course_user(
course_user_id, is_active, role, course_id, user_id)
VALUES ('stud2-course3A', true, 'STUDENT', 'course3A', 'User14');

INSERT INTO course_user(
course_user_id, is_active, role, course_id, user_id)
VALUES ('stud2-course4A', true, 'STUDENT', 'course4A', 'User14');

INSERT INTO course_user(
course_user_id, is_active, role, course_id, user_id)
VALUES ('stud3-course3A', true, 'STUDENT', 'course3A', 'User15');

INSERT INTO course_user(
course_user_id, is_active, role, course_id, user_id)
VALUES ('stud3-course4A', true, 'STUDENT', 'course4A', 'User15');

INSERT INTO course_user(
course_user_id, is_active, role, course_id, user_id)
VALUES ('stud4-course3A', true, 'STUDENT', 'course3A', 'User16');

INSERT INTO course_user(
course_user_id, is_active, role, course_id, user_id)
VALUES ('stud4-course4A', true, 'STUDENT', 'course4A', 'User16');

INSERT INTO course_user(
course_user_id, is_active, role, course_id, user_id)
VALUES ('stud5-course3A', true, 'STUDENT', 'course3A', 'User17');

INSERT INTO course_user(
course_user_id, is_active, role, course_id, user_id)
VALUES ('stud5-course4A', true, 'STUDENT', 'course4A', 'User17');

INSERT INTO course_user(
course_user_id, is_active, role, course_id, user_id)
VALUES ('stud6-course3A', true, 'STUDENT', 'course3A', 'User18');

INSERT INTO course_user(
course_user_id, is_active, role, course_id, user_id)
VALUES ('stud6-course4A', true, 'STUDENT', 'course4A', 'User18');


INSERT INTO course_user(
course_user_id, is_active, role, course_id, user_id)
VALUES ('stud1-course3B', true, 'STUDENT', 'course3B', 'User19');

INSERT INTO course_user(
course_user_id, is_active, role, course_id, user_id)
VALUES ('stud1-course4B', true, 'STUDENT', 'course4B', 'User19');

INSERT INTO course_user(
course_user_id, is_active, role, course_id, user_id)
VALUES ('stud2-course3B', true, 'STUDENT', 'course3B', 'User20');

INSERT INTO course_user(
course_user_id, is_active, role, course_id, user_id)
VALUES ('stud2-course4B', true, 'STUDENT', 'course4B', 'User20');

INSERT INTO course_user(
course_user_id, is_active, role, course_id, user_id)
VALUES ('stud3-course3B', true, 'STUDENT', 'course3B', 'User21');

INSERT INTO course_user(
course_user_id, is_active, role, course_id, user_id)
VALUES ('stud3-course4B', true, 'STUDENT', 'course4B', 'User21');

INSERT INTO course_user(
course_user_id, is_active, role, course_id, user_id)
VALUES ('stud4-course3B', true, 'STUDENT', 'course3B', 'User22');

INSERT INTO course_user(
course_user_id, is_active, role, course_id, user_id)
VALUES ('stud4-course4B', true, 'STUDENT', 'course4B', 'User22');

INSERT INTO course_user(
course_user_id, is_active, role, course_id, user_id)
VALUES ('stud5-course3B', true, 'STUDENT', 'course3B', 'User23');

INSERT INTO course_user(
course_user_id, is_active, role, course_id, user_id)
VALUES ('stud5-course4B', true, 'STUDENT', 'course4B', 'User23');

INSERT INTO course_user(
course_user_id, is_active, role, course_id, user_id)
VALUES ('stud6-course3B', true, 'STUDENT', 'course3B', 'User24');

INSERT INTO course_user(
course_user_id, is_active, role, course_id, user_id)
VALUES ('stud6-course4B', true, 'STUDENT', 'course4B', 'User24');